Adalberto, Adal, Dalber
Adolfo, Ado, Fito, Dolfi
Adrián, Adri, Adria, Adriano
Agustín, Agus, Guti, Cucho
Alberto, Beto, Berto, Bertín, Al, Tito, Alber, Buichi
Alejandro, Ale, Álex, Alejo, Alejito, Jandro, Jano, Jani, Jale
Alfonso, Poncho, Pocho, Poto, Fonsi, Fonso, Loncho
Alfredo, Alf, Fredo, Fred, Chafeo, Fello
Álvaro, Varo
Anastasio, Tacho, Tasio
Andrés, Andy, Andrelo, andresito
Ángel, Gelo, Gelu, Angelito, Anguito
Antonio, Toño, Toni, Tono, Anto, Antuco, Choño
Apolinar, Poli
Ariel, Ari
Armando, Armi, Mando, Mandis
Arsenio, Chenio, Cheno
Bartolomé, Bartolo, Bart, Mome, Tolo
Benjamín, Benja, Benjita, Jamín, Mincho, Chamín, Benji
Bernardo, Berni, Beño, Berna, Beñallo
Camilo, Cami, Milo
Carlos, Carlitos, Litos, Charly
César, Ceso, Cesarín, Cesarini, Chícharo, Chechai, Tesar, Checha, Sari
Constantino, Tino, Tinín
Crescencio, Chencho
Christian / Cristián, Cris, Chris
Cristóbal, Cris, Cristo
Claudio, Cayo
Daniel, Dani, Dan, Ñel
Dagoberto, Dago
David, Davo, Davi, Deif
Desiderio _ Yeyo, Desi :
Diamantino, Tino
Donaldo, Doni, Don
Eduardo, Edu, Lalo, Yayo, Guayo
Emilio, Milio, Milo, Milito, Miliuco
Enrique, Ricky, Roque, Quique
Erasto, Eras
Ernesto, Neto, Erni, Nesti, Tito, Erne
Erubiel, Eru
Evaristo, Varis, Risto
Federico, Fede, Quico, Freddy, Pico, Fellico
Felipe, Feli, Pipe, Pipo, Lipe
Fermín, Mincho
Fernando, Fer, Fernan, Nando, Nano, Feña, Fercho, Ferny, Ferdo, Ferna
Florentino, Floren, Flo
Francisco, Chencho, Chisco, Chico, Cisco, Curro, Fran, Franchu, Francis, Franco, Frasco, Kiko, Pachi, Pacho, Paco, Pancho, Papico, Patxi (vasco), Quico
Fulgencio, Chencho, Fulgen, Pencho
Gabriel, Gabi, Gabo, Gabito
Gaspar, Gaspy, Gospor
Geovanni, Van, Geo, Geovanini
Germán, Mancho, Ger
Gilberto, Gil, Beto
Giovanni, Gio, Yova
Gonzalo, Chalo, Gonza, Gon, Gonzo, Lalo, Zalo, Chala
Gregorio, Goyo
Guillermo, Guille, Willy, Wil, Mollergui, Memo, Chemo, Llemo
Gustavo, Gus, Tavo
Heriberto, Beto, Heri, Erick, Berto
Hernán, Nano
Hipólito, Poli, Lito
Horacio, Lacho
Ignacio, Nacho, Nachín, Nachus, Igna, Iñaki, Ñaki, Ñaco
Imanol, Ima
Inocencio, Chencho
Israel, Isra, El, Elito, Rael, Ichi, Ojetel, Ortel, Chisrra
Iván/ Ibán, Ivi, Ivancho
Jacobo, Yak, Chak, Chaki
Javier/ Xavier/ Xabier, Javi, Xavi, Txabi, Jape
Jerónimo, Jero, Momo, Mino, Nimo, Ñimo
Jesús, Cazú, Chucho, Chuy, Chuchi, Chus, Chuso, Suso, Jechu, Chechu, Quechu, Susi
Jesús Alberto, Jesusbeto, Chuybeto
Jesús Manuel, Jesusma, Chuymanuel
Jesús Ramón, Jerra, Jesusrra, Chuymoncho, Chuymonchi
Joaquín, Chimo, Joaco, Kin, kim, Quino, Quini
Jonathan, Jona, Johnny
Josafat, Josa
Jorge, Coque, Gorgo, Jordy, Coco, Georgie, Jordi, Choche
José, Chepe, Joche, Pepe, Pepín, Cheo, Coché
José Luis, Joselu, Pepelu, Pepeluis, Chelís
José Antonio, Pepe Nono, Arbi, Gambo, Josan
José Fernando, Pepenando, Joferny
José María, Josemari, Josema, Chema, Txema, Chemita, Chemi
José Manuel, Josema, Josemanu, Chepo
José Miguel, Josemi
José Ramón, Joserra
José Vicente, Josevi, Pepevi, Pepe Vicente, Pepechente
Juan/ Jon/ Joan/ Yon, Juancho, Juanito, Juanín, Johnny, Juancito, Juañico
Juan Camilo, Juanca, Camilo, Milantas
Juan Carlos, Juancar, Juanca, Juanqui
Juan David, Juanda
Juan Antonio, Juanan
Juan Ignacio, Juanacho, Juancho, Juani
Juan José, Juanjo, Juanchi
Juan Manuel, Juanma, Juanmi, Juanmilla, Mojito, Juanmihop
Juan Pablo, Juanpa, Juampi
Juan Ramón, Juanra
Julián, Juli
Julio, Julito, Ju, Jul (pronunciado como Yu, Yul)
Kévin, Chanko
Ladislao, Lalo
Leonardo, Leo, Nardo, Loni
Lluc, Ruc, Lucky
Lorenzo, Lencho, Loren, Chencho, Ren
Luciano, Chano, Lucho
Luis, Lula, Lucho, Luisito, Luichi, Ish, Sito
Luis Guillermo, Luisgui
Luis Miguel, Luismi
Manuel, Manu, Mañe, Mané, Manolo, Lolo, Meme
Manuel María, Manosmari
Marcelo, Chelo, Marce, Marceloco, Chelini
Marco, Marquito
Mario, Mayito, Marito
Martín, Marto, Tincho, Tintín, Martincito, Martu
Matías, Mati, Matu, Matute, Mato, Mate
Maximiliano, Max, Maxi
Micael, Mica
Miguel, Mike, Miki, Mikey, Migue, Migu, Míguel (palabra llana)
Nicolás, Nico, Colacho, Colate
Nelson, Nechon
Óscar, Oka, Osqui, Osquitar, Oscarín
Octavio, Tavi, Tavo (similar a Gustavo)
Pablo, Pablito, Pableras, Pol, Pauloque
Paolo / Paulo, Paolito, Pauli, Paulis, Pau, Pao, Paolistono, Pausi, Pol, Palini
Pascual, Pascu
Patricio, Pato, Patxi, Pati
Pedro, Perico, Peyo
Pelayo, Layo
Ramón, Mon, Moncho, Monchi, Ramoncito, Ramonida
Rafael, Rafa, Rafucho, Fucho, Fali
Raimundo, Rai, Rei, Mundo, Mumo
Raúl, Ruly, Rulo, Rauli, Raulito
René, Ren
Ricardo, Ricky, Richi, Ricar, Riches, Yayo, Richard, Ri, Caco
Roberto, Beto, Rober, Tito, Bob, Rob, Robe, Robbie, Bobby
Rodolfo, Fofo, Bofo, Rufus, Reno, Rodo, Rodi, Rudi, Fito, Tofi
Rodrigo, Ruy, Rorro, Rodri, Yiyo, Llolli
Rolando, Rola, Rolo, Rolas, Roland
Román, Ro, Romi, Rocco, Románcho, Románcito, Románcio, Románcin
Rubén, Rubi, Rub, Rus, Rubencho, Rubencito
Rufino, Rufo, Rufi, Fino
Salvador, Salva, Chava, Sal, Salvi, Doro
Samuel, Sam, Samu, Chamu, Sammy
Santiago, Chago, Santi
Sebastián, Tatán, Seba, Sebas, Bastian, Chano
Sergio/ Sergi, Checo, Keko, Checho, Sergi, Serch, Cheke
Tanislao, Tanis
Teófilo, Teo
Tomás, Tomy
Ulises, Uli
Valentín, Vale, Tinín
Vicente, Chente, Cento, Tito, Vince
Víctor, Vito, Viti, Vitín, Vic, Vititor
Wenceslao, Wences
Wilfredo, Willchi
William, wili, güili
Femeninos :
Abigail, Abi
Adelaida, Adela
Adoración, Dori, Ado
Adriana, Adri
Alejandra/Alexandra, Ale, Alu, Álex, Aleja, Alejita, Andra, Jandra, Jana, Lali, Alita
Alicia, Licha, Ali
Almudena, Almu, Dena, Deny
Amanda, Mandy
Amelia, Ame, Amelie, Amelita, Melia, Meli
Ana, Ani, Anita
Ana Belén, Ana, Anita
Ana Elena, Anel
Ana Isabel— Anabel :
Ana Lucía, Analú, Anilú
Ana Luisa, Analú, Analuí
Ana María, Anamari
Andrea, Andy, Andreíta, Nea
Ángela, Gela, Kela, Angy, Angelita, Ángie, Tita
Antonia, Toñi, Toña, Tonina
Araceli, Ara, Lili, Leli, Celi, Cheli, Arita
Argentina, Titina, Tina
Asunción, Asun, Chon, Choni
Bárbara, Barbi, Bar
Beatriz, Betty, Bea, Becky
Begoña, Bego, Goña, Goñi, Goñita
Belén, Belu, Belencita, Bel, Belencilla
Bibiana, Bibi
Camila, Cami, Mila, Mili
Carmen, Menchu, Carmela
Carmen Luz, Calú
Carolina, Carol, Caro, Carito, Lina, Callolla
Catalina, Cata, Caty
Cecilia, Ceci, Chechi, Chila
Celedonia, Cele
Celeste, Cel, Celes
Claudia, Clau, Clota
Concepción, Concha, Conchi, Conce
Consolación, Chelo, Consuelo
Cristina, Cristi, Cris, Tina, Tinita, Titi, Titina, Crispis, Quichi
Daniela, Dan, Dani, Nanny, Niela
Débora, Déborah, Deby, Debo
Diana, dian, dianita
Dolores, Lola, Loli, Lolita, Loles
Dorotea, Dora
Elena/ Helena, Ele, Eleni, Nena
Emerenciana, Mere, Emeren
Emilia, Emi
Erika, Eri, Kika
Esperanza, Espe, Lancha, Pelancha, Pera
Estefania, Fani, Estefi, Estefa, Nani, Nia, Fefa, Tefy, Tefa
Estela, Esti
Eugenia, Euge, Genia, Quena, Queni, Uge
Eulalia, Lali, Lala, Laya
Eva, Evi, Evita
Evelyn, Eve,Evita,Eylin
Fabiola, Fabi
Francisca, Chica, Paquita, Paqui, Paca, Pancha, Pachita, Fran, Cisca, Kika
Feliciana o Felisa, Feli
Fernanda, Feñi, Feña
Florencia, Flor, Florcis, Floren, Flora
Gabriela, Gabi
Gemma, Gelma
Graciela, Chela
Gregoria, Goya, Gregor
Guadalupe, Lupe, Lupita
Heliodora, Dora
Inmaculada, Inma, Macu
Isabel, Chabela, Chabe, Isa
Jennifer, Jenny, Jen
Jessica, Jessi, Yeya, Jess
juana, juanita
Julia, Ju, Julita
Juliana, Juli, Guli, Yuli
Jimena, Mena
Josefa o Josefina, Pepa, Pepita, Jose, Finy, Fina
Joselyn o Jocelyn, Joce, Jocy
Karina, Kari
Kimberli, Kimi, Kim, Berli
Lara, Larita
Larissa, Lara, Laris
Laura, Lala, Lori, Laurita, Lauri, Lali, Luri
Leticia, Leti
Lesly, Les, Lily, Maga, Maguza
Liliana, Lily
Lina, Lily, Linis
Livianne, Liv, Anne, Livi, Ianne, Vianne
Lourdes, Luly, Lulú, Lula
Lorena, Lore, Loren
Lorenia, Lore, Loren, Loreny
Lucía, Lucy, Luli, Lulú
Lucía Fernanda, Lucifer
Luisa, Lucha, Lulú, Güisi, Luisi
Ludivina, Ludi
Luzdivina, Ludi, Luz
Macarena, Maca, Maqui
Magdalena, Malena, Magda, Mady, Mag, Mane
Maite, Mai, May, Mayi
Manuela, Manu, Manola, Manolita, Manoli
Marcela, Mache, Chela, Marce
Margarita, Margari, Marga, Mago, Maguito, Maggie, Margara, Mague
María, Mari, Marica, Mayito, Mayita, Mary, Mariona, Maruja
María del Carmen, Maricarmen, Mamen, Pape, Menchu, Perdiz, Mayka
María del Mar, Marimar, Mar
María de los Ángeles, Marian, Mange, Ange, Angie, Ann, Anny, Kankeles, Nines, Angeli, Gele
María de Lourdes, Malú
María Araceli, Mariceli, Maricel
María de la Concepción, María Conchita
María Dolores, Mariló, Marido, Mari Loli, Maloles
María Eugenia, Maru, Maruja, Mara, Mane
María Fernanda, Marifer, Mafer, Mafe
María Inés, Mines
María Isabel, Marisa, Maribel, Mabel
María Jesús, Chus, Chusa, Maje, Marichuy
María José, Mariajo, Majo, Marijó, Mai, Maya, Coté
María Julia, Maju
María Luisa, Marisa, Malú, Marilú, Magüi, Güisi, Jamia
María Luz, Malú, Marilú, Mariluz
María Paula, Mapao, Mapis, Mapau, Mapu
María Paz, Maipa, Paz
María Soledad, Marisol, Sole
María Teresa, Marite, Maritere, Maite, Mayte, Mai, Techu, Maitechu
María Victoria, Mariví, Mavi, Marivicky
Marta, Martuki, Martita, Marti, Martucha, Martona
Mercedes, Merche, Merchi, Meche, Mecha, Merce, Merci, Meme
Melany, Mely, Mela, Meny, Any, Lany
Mariana, Ana, Nita
Marianela, Nela
Micaela, Mica, Miqui, Mic
Minerva, Mine, Mini
Miriam, Miri, Mimi
Milagros, Mili, Minie, Milizhita
Mónica, Moni, Nica, Mona
Montserrat, Monse, Monti
Nadia, Nadi, Nayita, Nayi
Natalia, Nati, Nata, Natu
Natividad, Nati
Nayra / Naira, Nay / Nai
Nicanora, Nica
Nicols / Nicole, Nicky, Ni
Noelia o Noemí, Noe
Nuria, Nuri, Nurita
Obdulia, Duli, Dulia
Oralia, Yaya
Pamela, Pame, Pam
Paola / Paula, Paulita, Pauli, Paulis, Pau, Pao, Pay, Poly, Paulistona, Pausi, Pola
Pastora, Pas, Pastorita, Pasto, Tita
Patricia, Pati, Patri, Pat, Patxi
Patrocinio, Patro
Petronila, Petra, Nila
Pilar, Pili, Piluca, Pilo
Purificación, Puri, Pura
Ramona, Mona, Moncha, Moni, Monchita, Monsi, Ramoni, Ramonita
Raquel, Raki, Raque, Quela, Rarra
Refugio, Cuca
Regina, Reginita, Regi, Gina, Gini, Ginita
Renata, Reny
Rigoberta, Berta
Rosa, Rosi, Rosita
Rosario, Chari, Charo, Chayo, Chayis, Rosi
Salvadora, Dora, Dori, Dorín, Dorita, Salva, Sal
Samantha, Sam, Sammy
Sandra, San, Sandy, Chana
Sandy, Zami, Tati, Tami, San
Sara, Sarita
Sheila, Seila, Sei
Silvia, Chiva, Chivis
Sofía, Sofi, Chofi, Chofis
Soledad, Sole, Sol, Solete, Soleá, Chole, Chol
Susana, Susi, Sus, Sani
Susanne, Susy, Súsan, San
Svetlana, Lana
Tamara, Tamy, Mara, Tam
Tanya / Tania / Tatiana, Tany, Tatia, Tati
Teodora, Dodo, Teo, Tea, Ted, Teddy
Teresa / Teresita, Tere
Taylor, Tay, Tay-Tay, T, Lo, Ta, Ty, Toy, Tor
Urania, Uris
Valeria, Vale
Vanessa, Vane
Verónica, Vero, Nica
Victoria, Vicky, Tori, Vic
Virginia, Virgi, Ginia, Vigy, Vicky, Vir
Vivianne o Viviana, Vivi, Vi, Viv, Vanne,'V, Viana,
Varinia, Vari
Ximena, Xime, Mena
Yolanda, Yoli, Yola, Yoya
Yaiza, Yai
Yudith, Yudy
Yvette, Yvi, Ive, Tita
Lynette, Ly, Né, Lyn, Et

